<extension type="component" version="2.5" method="upgrade">
  <name>com_aa4j</name>
  <creationDate>january 2013</creationDate>
  <author>alikon</author>
  <authorEmail>info@alikonweb.it</authorEmail>
  <authorUrl>http://www.alikonweb.it</authorUrl>
  <copyright>Alikonweb</copyright>
  <license>Open Source License, GNU GPL</license>
  <version>1.8.2</version>
  <description>COM_AA4J_DESCRIPTION</description>
  <scriptfile>script.php</scriptfile>
  <install>
    <sql>
      <file driver="mysql" charset="utf8">sql/install.mysql.utf8.sql</file>
    </sql>
  </install>
  <uninstall>
    <sql>
      <file driver="mysql" charset="utf8">sql/uninstall.mysql.utf8.sql</file>
    </sql>
  </uninstall>
  <update>
    <schemas>
      <schemapath type="mysql">sql/updates/mysql</schemapath>
    </schemas>
  </update>
  <files folder="site">
    <filename>index.html</filename>
    <filename>aa4j.php</filename>
    <filename>controller.php</filename>
    <folder>views</folder>
    <folder>models</folder>
    <folder>language</folder>
  </files>
  <media destination="com_aa4j" folder="media">
    <filename>index.html</filename>
    <folder>img</folder>
    <folder>css</folder>
  </media>
  <administration>
    <menu img="../media/com_aa4j/img/security.png">COM_AA4J_MENU</menu>
    <files folder="admin">
      <filename>index.html</filename>
      <filename>config.xml</filename>
      <filename>access.xml</filename>
      <filename>aa4j.php</filename>
      <filename>alikonlogo_16.png</filename>
      <filename>controller.php</filename>
      <folder>sql</folder>
      <folder>tables</folder>
      <folder>models</folder>
      <folder>views</folder>
      <folder>controllers</folder>
      <folder>helpers</folder>
    </files>
    <languages folder="admin">
      <language tag="en-GB">language/en-GB/en-GB.com_aa4j.ini</language>
      <language tag="en-GB">language/en-GB/en-GB.com_aa4j.sys.ini</language>
    </languages>
  </administration>
	<updateservers>
		<server type="extension" priority="1" name="aa4j">http://www.joomladdons.eu/update/com_aa4j_update.xml</server>
	</updateservers>
</extension>