<?xml version="1.0" encoding="utf-8"?>
<extension version="2.5" type="plugin" group="zoombie" method="upgrade" client="site">
    <name>Zoombie - Jamss</name>
    <author>alikon</author>
    <creationDate>December 2012</creationDate>
    <authorEmail>info@alikonweb.it</authorEmail>
    <authorUrl>http://www.alikonweb.it</authorUrl>
    <copyright>Copyright (C) 2012 Alikonweb</copyright>
    <license>http://www.gnu.org/licenses/gpl-2.0.html GNU/GPL</license>
    <version>1.0.0</version>
    <description>PLG_ZOOMBIE_JAMSS_4_JOOMLA_XML_DESCRIPTION</description>
    <files>		
        <filename plugin="jamss">jamss.php</filename>	
        <filename>index.html</filename>			
    </files>
    <languages>
        <language tag="en-GB" client="site">language/en-GB/en-GB.plg_zoombie_jamss.ini</language>
        <language tag="en-GB">language/en-GB/en-GB.plg_zoombie_jamss.sys.ini</language>
    </languages>
    <config>
        <fields name="params">
            <fieldset name="basic" label="Basic">
			
                <field name="last_run" type="hidden" default="1352101719" label="Admin advise" description="Send email to Admin on spam ">
                </field>
         
                <field name="interval" type="list" default="60" label="Alive" description="Set when go alive">			
                    <option value="5" > 5 min</option>
                    <option value="10" >10 min</option>
                    <option value="20" >20 min</option>
                    <option value="30" >30 min</option>
                    <option value="60" selected="selected"> 1 hour</option>
                    <option value="120" > 2 hours</option>
                    <option value="180" > 3 hours</option>
                    <option value="240" > 4 hours</option>
                    <option value="360" > 6 hours</option>
                    <option value="720" > 12 hours</option>
                    <option value="1440" > 24 hours</option>			
                </field> 
                <field name="file_manager_path" type="folderlist" default="JPATH_ROOT" label="Folder" description="Select folder" directory="" filter="" exclude="" stripext="" hide_none="true"/>
                <field name="deepscan" type="radio" default="1" label="DeepScan" description="Set deepscan">
                    <option value="1">YES</option>
                    <option value="0">NO</option>
                </field>	
                 <field name="key" type="text" default="" label="Zoombie key" description="Zoombie activation key" />
                <field name="sendmail" type="radio" label="Mail" default="1" description="Send mail when zoombie alive" >
                    <option value="0">JNO</option>
                    <option value="1">JYES</option>
                </field>            
            </fieldset>			
        </fields>
    </config>
    <updateservers>
        <server type="extension" priority="1" name="System - Detector">http://www.joomladdons.eu/update/plg_zoombie_jamss_update.xml</server>
    </updateservers>
</extension>