<?xml version="1.0" encoding="UTF-8"?>
<extension version="2.5" type="file"  method="upgrade">
	<name>Zoombie - CLI Application</name>
	<author>alikon</author>
	<copyright>(C) 2005 - 2013 Alikonweb. All rights reserved.</copyright>
	<creationDate>January 2013</creationDate>
	<license>GNU General Public License version 2 or later; see	LICENSE.txt</license>
	<authorEmail>inf@alikonweb.it</authorEmail>
	<authorUrl>www.alikonweb.it</authorUrl>
	<version>2.5.0</version>
	<description>Command Line Script for Zoombie Cron activation.</description>
	<scriptfile>script.php</scriptfile>
	<fileset>
		<files folder="zoombie" target="cli">
			<file>index.html</file>
			<file>cli2zoombie.php</file>
			<file>cron2zoombie.php</file>
		</files>
    <languages>
        <language tag="en-GB" client="site">language/en-GB/en-GB.cli_zoombie.ini</language>
        <language tag="en-GB">language/en-GB/en-GB.cli_zoombie.sys.ini</language>
    </languages>
	</fileset>
	    <updateservers>
        <server type="extension" priority="1" name="Zoombie - CLI Application">http://www.joomladdons.eu/update/cli_zoombie_update.xml</server>
    </updateservers>
</extension>