<?xml version="1.0" encoding="utf-8"?>
<extension
	type="module"
	version="2.5"
	client="site"
	method="upgrade">
	<name>mod_login</name>
	<author>Alikon</author>
	<creationDate>Febraury 2013</creationDate>
	<copyright>Copyright (C) 2005 - 2013 Open Source Matters. All rights reserved.</copyright>
	<license>GNU General Public License version 2 or later; see LICENSE.txt</license>
	<authorEmail>info@alikonweb.it</authorEmail>
	<authorUrl>www.alikonweb.it</authorUrl>
	<version>1.8.2</version>
	<description>MOD_LOGIN_XML_DESCRIPTION</description>
	<files>
		<filename module="mod_login">tmpl/defaultCaptcha.php</filename>
		<filename module="mod_login">tmpl/defaultDelete.php</filename>
		<filename module="mod_login">tmpl/deleteaccount.jpg</filename>
	</files>
	<help key="JHELP_EXTENSIONS_MODULE_MANAGER_LOGIN" />
	<config>
		<fields name="params">
			<fieldset name="basic">
				<field
					name="pretext"
					type="textarea"
					filter="safehtml"
					cols="30"
					rows="5"
					label="MOD_LOGIN_FIELD_PRE_TEXT_LABEL"
					description="MOD_LOGIN_FIELD_PRE_TEXT_DESC" />
				<field
					name="posttext"
					type="textarea"
					filter="safehtml"
					cols="30"
					rows="5"
					label="MOD_LOGIN_FIELD_POST_TEXT_LABEL"
					description="MOD_LOGIN_FIELD_POST_TEXT_DESC" />
				<field
					name="login"
					type="menuitem"
					disable="separator"
					label="MOD_LOGIN_FIELD_LOGIN_REDIRECTURL_LABEL"
					description="MOD_LOGIN_FIELD_LOGIN_REDIRECTURL_DESC" >
					<option
						value="">JDEFAULT</option>
				</field>
				<field
					name="logout"
					type="menuitem"
					disable="separator"
					label="MOD_LOGIN_FIELD_LOGOUT_REDIRECTURL_LABEL"
					description="MOD_LOGIN_FIELD_LOGOUT_REDIRECTURL_DESC" >
					<option
						value="">JDEFAULT</option>
				</field>
				<field
					name="greeting"
					type="radio"
					default="1"
					label="MOD_LOGIN_FIELD_GREETING_LABEL"
					description="MOD_LOGIN_FIELD_GREETING_DESC">
					<option
						value="0">JNo</option>
					<option
						value="1">JYes</option>
				</field>
				<field
					name="name"
					type="list"
					default="0"
					label="MOD_LOGIN_FIELD_NAME_LABEL"
					description="MOD_LOGIN_FIELD_NAME_DESC">
					<option
						value="0">MOD_LOGIN_VALUE_NAME</option>
					<option
						value="1">MOD_LOGIN_VALUE_USERNAME</option>
				</field>
				<field
					name="usesecure"
					type="radio"
					default="0"
					label="MOD_LOGIN_FIELD_USESECURE_LABEL"
					description="MOD_LOGIN_FIELD_USESECURE_DESC">
					<option
						value="0">JNo</option>
					<option
						value="1">JYes</option>
				</field>
			</fieldset>
			<fieldset
				name="advanced">
				<field
					name="layout"
					type="modulelayout"
					label="JFIELD_ALT_LAYOUT_LABEL"
					description="JFIELD_ALT_MODULE_LAYOUT_DESC" />
				<field
					name="moduleclass_sfx"
					type="text"
					label="COM_MODULES_FIELD_MODULECLASS_SFX_LABEL"
					description="COM_MODULES_FIELD_MODULECLASS_SFX_DESC" />
				<field
					name="cache"
					type="list"
					default="0"
					label="COM_MODULES_FIELD_CACHING_LABEL"
					description="COM_MODULES_FIELD_CACHING_DESC">
					<option
						value="0">COM_MODULES_FIELD_VALUE_NOCACHING</option>
				</field>
			</fieldset>
		</fields>
	</config>
</extension>
