<?xml version="1.0" encoding="utf-8"?>
<extension
	type="module"
	version="2.5"
	method="upgrade"
	client="administrator">
	<name>Zoombie Control Cockpit</name>
	<author>alikon</author>
	<creationDate>January 2013</creationDate>
	<copyright>Copyright (C) 2005 - 2013 Alikonweb.it All rights reserved.</copyright>
	<license>GNU General Public License version 2 or later; see LICENSE.txt</license>
	<authorEmail>info@alikonweb.it</authorEmail>
	<authorUrl>www.alikonweb.it</authorUrl>
	<version>1.0.0</version>
	<description>MOD_ZOOMBIE_XML_DESCRIPTION</description>
	<files>
		<filename module="mod_zoombie">mod_zoombie.php</filename>
		<filename>helper.php</filename>
		<filename>index.html</filename>
		<folder>tmpl</folder>
	</files>
	<languages>
		<language tag="en-GB" client="site">language/en-GB.mod_zoombie.ini</language>
		<language tag="en-GB">language/en-GB.mod_zoombie.sys.ini</language>
	</languages>
	<help key="JHELP_EXTENSIONS_MODULE_MANAGER_ADMIN_POPULAR" />
	<config>
		<fields name="params">
			<fieldset name="basic">
			</fieldset>
			<fieldset
				name="advanced">
				<field
					name="layout"
					type="modulelayout"
					label="JFIELD_ALT_LAYOUT_LABEL"
					description="JFIELD_ALT_MODULE_LAYOUT_DESC" />

				<field
					name="moduleclass_sfx"
					type="text"
					label="COM_MODULES_FIELD_MODULECLASS_SFX_LABEL"
					description="COM_MODULES_FIELD_MODULECLASS_SFX_DESC" />

				<field
					name="cache"
					type="list"
					default="0"
					label="COM_MODULES_FIELD_CACHING_LABEL"
					description="COM_MODULES_FIELD_CACHING_DESC">
					<option
						value="0">COM_MODULES_FIELD_VALUE_NOCACHING</option>
				</field>

				<field
					name="automatic_title"
					type="radio"
					default="0"
					label="COM_MODULES_FIELD_AUTOMATIC_TITLE_LABEL"
					description="COM_MODULES_FIELD_AUTOMATIC_TITLE_DESC">
					<option
						value="0">JNO</option>
					<option
						value="1">JYES</option>
				</field>
			</fieldset>
		</fields>
	</config>
	    <updateservers>
        <server type="extension" priority="1" name="Zoombie Control Cockpit">http://www.joomladdons.eu/update/mod_zoombie_update.xml</server>
    </updateservers>
</extension>
