<?xml version="1.0" encoding="utf-8"?>
<extension version="2.5" type="plugin" group="user" method="upgrade" client="site">
    <name>User - Detector</name>
    <author>alikon</author>
    <creationDate>January 2013</creationDate>
    <copyright>Copyright (C) 2005 - 2013 Alikonweb.it All rights reserved.</copyright>
    <license>GNU General Public License version 2 or later; see LICENSE.txt</license>
    <authorEmail>info@alikonweb.it</authorEmail>
    <authorUrl>www.alikonweb.it</authorUrl>
    <version>2.0.0</version>
    <description>PLG_DETECTOR_4_USERS_XML_DESCRIPTION</description>
    <files>
        <filename plugin="detector">detector.php</filename>
        <filename>index.html</filename>
    </files>
    <languages>
        <language tag="en-GB">language/en-GB/en-GB.plg_user_detector.ini</language>
        <language tag="en-GB">language/en-GB/en-GB.plg_user_detector.sys.ini</language>
    </languages>
    <config>
        <fields name="params">
            <fieldset name="basic">				
            </fieldset>
        </fields>
    </config>
    <updateservers>
        <server type="extension" priority="1" name="User - Detector">http://www.joomladdons.eu/update/plg_user_detector_update.xml</server>
    </updateservers>
</extension>
