<?xml version="1.0" encoding="utf-8"?>
<extension version="2.5" type="plugin" group="system" method="upgrade" client="site">
    <name>System - Detector</name>
    <author>alikon</author>
    <creationDate>October 2012</creationDate>
    <authorEmail>info@alikonweb.it</authorEmail>
    <authorUrl>http://www.alikonweb.it</authorUrl>
    <copyright>Copyright (C) 2012 Alikonweb</copyright>
    <license>http://www.gnu.org/licenses/gpl-2.0.html GNU/GPL</license>
    <version>2.0.0</version>
    <description>PLG_DETECTOR_4_JOOMLA_XML_DESCRIPTION</description>
    <files>		
        <filename plugin="detector">detector.php</filename>	
        <filename>index.html</filename>			
    </files>
    <languages>
        <language tag="en-GB">language/en-GB/en-GB.plg_system_detector.ini</language>
        <language tag="en-GB">language/en-GB/en-GB.plg_system_detector.sys.ini</language>
    </languages>
    <config>
        <fields name="params">
            <fieldset name="basic" label="Basic">
                <field name="checktype" type="list" default="1" label="Check" description="Choose the type of check">
                    <option value="1">Normal</option>
                    <option value="0">Full</option>
                </field>
                <field name="sendmail2adm" type="radio" default="1" label="Admin advise" description="Send email to Admin on spam ">
                    <option value="1">YES</option>
                    <option value="0">NO</option>
                </field>
                <field name="blockspammer" type="radio" default="1" label="User Block" description="Block user detected as spammer">
                    <option value="1">YES</option>
                    <option value="0">NO</option>
                </field>
                <field name="logoffspammer" type="radio" default="1" label="User Logoff" description="Logoff user detected on spam">
                    <option value="1">YES</option>
                    <option value="0">NO</option>
                </field>
                <field name="hidemessage" type="radio" default="1" label="Hide" description="Set pending message detected as spam">
                    <option value="1">YES</option>
                    <option value="0">NO</option>
                </field>
            </fieldset>			
        </fields>
    </config>
    <updateservers>
        <server type="extension" priority="1" name="System - Detector">http://www.joomladdons.eu/update/plg_system_detector_update.xml</server>
    </updateservers>
</extension>