<?xml version="1.0" encoding="UTF-8" ?>
<extension type="package" version="1.6">
<name>Alikonweb Application 4 Joomla Package</name>
<packagename>Zoombie</packagename>
<version>2.5.2</version>
<url>http://www.alikonweb.it</url>
<packager>Alikon</packager>
<packagerurl>http://www.alikonweb.it</packagerurl>
<description>Joomla! Installer Alikonweb Application Package.</description>
<license>http://www.gnu.org/licenses/gpl-3.0.html GNU/GPL</license>
<update>http://http://www.alikonweb.it/packages/application</update>
<files folder="packages">
<file type="plugin" id="acaptcha" group="alikonweb">plg_alikonweb_acaptcha_200.zip</file>
<file type="plugin" id="detector" group="alikonweb">plg_alikonweb_detector_200.zip</file>
<file type="plugin" id="youtubevideo" group="alikonweb">plg_alikonweb_youtubevideo_200.zip</file>
<file type="plugin" id="googlemap" group="alikonweb">plg_alikonweb_googlemap_200.zip</file>
<file type="plugin" id="detector" group="user">plg_user_detector_200.zip</file>
<file type="plugin" id="detectror" group="contact">plg_contact_detector_200.zip</file>
<file type="plugin" id="detector" group="kunena">plg_kunena_detector_200.zip</file>
<file type="plugin" id="acaptcha" group="system">plg_system_acaptcha_200.zip</file>
<file type="plugin" id="acontact" group="system">plg_system_acontact_200.zip</file>
<file type="plugin" id="detector" group="system">plg_system_detector_200.zip</file>
<file type="library" id="aa4jl">lib_aa4j_200.zip</file>
<file type="template" id="beez20">tmpl_beez20_200.zip</file>
<file type="component" id="com_aa4j">com_aa4j_200.zip</file>
<file type="module" id="mod_login">mod_login_200.zip</file>
</files>
</extension>