<?xml version="1.0" encoding="utf-8"?>
<extension version="2.5" type="plugin" group="system" method="upgrade" client="site">
    <name>System - Ajax Captcha</name>
    <author>alikon</author>
    <creationDate>July 2012</creationDate>
    <authorEmail>info@alikonweb.it</authorEmail>
    <authorUrl>http://www.alikonweb.it</authorUrl>
    <copyright>Copyright (C) 2012 Alikonweb</copyright>
    <license>http://www.gnu.org/licenses/gpl-2.0.html GNU/GPL</license>
    <version>1.9.9</version>
    <description>Add ajax captcha to joomla form Need Alikonweb - Ajax Captcha Plugin enabled and AA4J component to work</description>
    <files>
        <filename plugin="acaptcha">acaptcha.php</filename>
        <filename>index.html</filename>
        <folder>acaptcha</folder>
    </files>
    <config>
        <fields name="params">
            <fieldset name="basic">
                <field name="register-require-user" type="spacer" class="text"
                       label="Set Ajax Captcha field for forms"
                       description="Ajax Captcha field for user registration, reset, remind, login ,contact form, submit article, submit weblink, admin login"
				/>
				
                <field
                    name="ajax-captcha_registration"
                    type="list"					
                    label="Registration"
                    description="Show Ajax Captcha on registrartion form"
                >
                    <option	value="2">JOPTION_REQUIRED</option>
                    <option	value="0">JDISABLED</option>
                </field>
                <field
                    name="ajax-captcha_reset"
                    type="list"					
                    label="Reset"
                    description="Show Ajax Captcha on reset password form"
                >
                    <option	value="2">JOPTION_REQUIRED</option>				
                    <option	value="0">JDISABLED</option>
                </field>
                <field
                    name="ajax-captcha_remind"
                    type="list"					
                    label="Remind"
                    description="Show Ajax Captcha on remind password form"
                >
                    <option	value="2">JOPTION_REQUIRED</option>
                    <option	value="0">JDISABLED</option>
                </field>
                <field
                    name="ajax-captcha_login"
                    type="list"					
                    label="Component login"
                    description="Login from component com_users"
                >
                    <option	value="2">JOPTION_REQUIRED</option>					
                    <option	value="0">JDISABLED</option>
                </field>
                <field
                    name="ajax-captcha_modflogin"
                    type="list"					
                    label="Module login"
                    description="Frontend login module"
                >
                    <option	value="2">JOPTION_REQUIRED</option>					
                    <option	value="0">JDISABLED</option>
                </field>
                <field
                    name="ajax-captcha_modblogin"
                    type="list"					
                    label="Backend Module login"
                    description="Administrator login module"
                    default="0"
                >
                    <option	value="2">JOPTION_REQUIRED</option>					
                    <option	value="0">JDISABLED</option>
                </field>
                <field name="forguestonly" type="radio"
                       description="For Guest only ie not for registered users"
                       label="For Guest only"
                       default="1"
                >
                    <option value="0">JNO</option>
                    <option value="1">JYES</option>
                </field>
                <field
                    name="ajax-captcha_contact"
                    type="list"
					
					label="Submit Contact"
                    description="Show Ajax Captcha on submit contact form"
                >
                    <option	value="2">JOPTION_REQUIRED</option>					
                    <option	value="0">JDISABLED</option>
                </field>
                <field
                    name="ajax-captcha_editarticle"
                    type="list"					
                    label="Submit article"
                    description="Show Ajax Captcha on submit article form"
                >
                    <option	value="2">JOPTION_REQUIRED</option>
                    <option	value="0">JDISABLED</option>
                </field>
                <field
                    name="ajax-captcha_editweblink"
                    type="list"					
                    label="Submit weblink"
                    description="Show Ajax Captcha on submit weblink form"
                >
                    <option	value="2">JOPTION_REQUIRED</option>
                    <option	value="0">JDISABLED</option>
                </field>
            </fieldset>
        </fields>
    </config>
    <updateservers>
        <server type="extension" priority="1" name="System - Ajax Captcha">http://www.joomladdons.eu/update/plg_system_acaptcha_update.xml</server>
    </updateservers>
</extension>
